{"intents": [
        {"tag": "greeting",
         "patterns": ["Hi there", "How are you", "Is anyone there?","Hey","Hola", "Hello", "Good day", "hey", "hello", "hi", "hello there", "good morning", "good evening", "moin", "hey there", "let's go", "hey dude", "goodmorning", "goodevening", "good afternoon", "namaste"],
         "responses": ["Hello, thanks for asking", "Good to see you again", "Hi there, how can I help?"],
         "context": [""]
        },
        {"tag": "goodbye",
         "patterns": ["Bye", "See you later", "Goodbye", "Nice chatting to you, bye", "Till next time"],
         "responses": ["See you!", "Have a nice day", "Bye! Come back again soon."],
         "context": [""]
        },
        {"tag": "thanks",
         "patterns": ["Thanks", "Thank you", "That's helpful", "Awesome, thanks", "Thanks for helping me"],
         "responses": ["Happy to help!", "Any time!", "My pleasure"],
         "context": [""]
        },
        {"tag": "noanswer",
         "patterns": [],
         "responses": ["Sorry, can't understand you", "Please give me more info", "Not sure I understand"],
         "context": [""]
        },
        {"tag": "courses",
         "patterns": ["what different courses are offered", "different courses provided by the university", "list of different courses","list of different programs", "can you help me with the programs Chandigarh university offers", "different programs offered by the University", "different training programs offered"],
         "responses": ["ACE Engineering College offers industry-oriented professional programs in Engineering like Technical & Non-Technical courses on EEE, ECE, Mechanical, Civil, CSE, Data Science, Artifical Intelligence, IOT, and IT. For more information visit our official site https://www.aceec.ac.in/our-departments/"],
         "context": [""]
        },
        {"tag": "ask_apply_online",
         "patterns": ["Can I apply online?", "How can I apply online?", "Online application process", "Online application procedure", "What is online application process?", "Can you tell me the online application process?", "Is it possible to apply online?", "Is there any way to apply online?", "Can you please help me with the process of online application?" ],
         "responses": ["ACE Engineering College provides offline as well as online admission procedure. Online admission procedure focuses on TSEMCET examination. Apply Now on 'https://www.aceec.ac.in/admissions/'!"],
         "context": [""]
        },
        {"tag": "ask_placements",
         "patterns": ["placement offers", "what are the previous placement offers?", "different placement offers offered to students", "different companies offers", "different placement offered", "previous placement offers", "what are the different placement offers offered to students", "student's placement offers" ],
         "responses": ["In 2023, ACE Engineering college got 95% placement from around 95+ compaines across India. For detailed information visit 'https://www.aceec.ac.in/placement-cell/#Welcome-to-Placement-Cell'"],
         "context": [""]
        },
        {"tag": "ask_marks",
         "patterns": ["how to check marks online?","how much marks i got in this semester?", "what's my gpa ", "how many backlogs do i have this semester?" ],
         "responses": ["There separate portal for checking the results and personal info like remaining fees and attendences. For more details plz login to this website 'https://aceexam.in/BeesERP/Login.aspx'"],
         "context": [""]
        },
        {"tag": "ask_contact",
         "patterns": ["How to contact?", "Phone number detailes", "College adddress", "Which area is the college located", "Email Id"],
         "responses": ["You can contact the staff at the college in working days. For more detailes Please login to this website 'https://www.aceec.ac.in/contact-us/'"],
         "context": [""]
        },
        {"tag": "ask_hostel",
         "patterns": ["Is hostel available in the campus?", "What about food and bed?", "Where is the Hostel presented?", "hostel", "food", "hostel and food"],
         "responses": ["In campus hostel, mess and canteen is available for students who stays far away from the college. For more detailes Please login to this website 'https://www.aceec.ac.in/hostel-and-auditorium/'"],
         "context": [""]
        },
        {"tag": "ask_extra_activity",
         "patterns": ["Apart from education what can I learn from this college?","what about extra curricular activities?","Rewards and awards in extra curricular activities?","what types of extra curricular activities are there in the college?", "Extra curricular activities", "other then studies and  education"],
         "responses": ["There are different types of extra curricular activities like NSS, Sports, Music, and digital library"],
         "context": [""]
        },
        {"tag": "ask_transport",
         "patterns": ["what about transport facilities in the college?", "Till where the buses go?","buses","transport"],
         "responses": ["There are total of 35+ buses roaming around Hyderabad"],
         "context": [""]
        }
   ]
}